id_del_proceso,entidad,objeto,valor_base,ciudad,estado,coincidio_por,url,fecha_deteccion
"CO1.REQ.10833203","UNIVERSIDAD DE ANTIOQUIA","Prestar servicios profesionales especializados como Ingeniera de Materiales para la ejecución y entrega de un 1 lote de ensayos de caracterización de materiales metalográficos  espectrometrías de emisión óptica  fluorescencia de rayos X y determinación de propiedades mecánicas  así como el soporte técnico por demanda para las prácticas de laboratorio requeridas en el Laboratorio de Espectrometría y Fundición de la Facultad de Ingeniería.","28000000","Medellín","Publicado","palabra clave: ""fluorescencia de rayos X""","https://community.secop.gov.co/Public/Tendering/OpportunityDetail/Index?noticeUID=CO1.NTC.10687177","2026-08-14T02:08:35.609Z"
"CO1.REQ.10836707","UNIVERSIDAD DE CALDAS.","PRESTAR LOS SERVICIOS PROFESIONALES COMO INGENIERO DE METALES PARA EL LABORATORIO DE MICROSCOPÍA ELECTRÓNICA DE BARRIDO DEL INSTITUTO DE INVESTIGACIONES EN ESTRATIGRAFÍA-IIES.","38992100","Manizales","Publicado","palabra clave: ""microscopía electrónica de barrido""","https://community.secop.gov.co/Public/Tendering/OpportunityDetail/Index?noticeUID=CO1.NTC.10690484","2026-08-14T02:08:35.609Z"
"CO1.REQ.10834665","SUBRED INTEGRADA DE SERVICIO DE SALUD CENTRO ORIENTE E.S.E 1","REALIZACIÓN DEL ESTUDIO DE VULNERABILIDAD SÍSMICA Y EVALUACIÓN ESTRUCTURAL DEL EDIFICIO SANTA MARTA DEL HOSPITAL SANTA CLARA  ADSCRITO A LA SUBRED INTEGRADA DE SERVICIOS DE SALUD CENTRO ORIENTE E.S.E.  INCLUYENDO LA INSPECCIÓN TÉCNICA  MODELACIÓN Y ANÁLISIS SÍSMICO DE LA ESTRUCTURA EXISTENTE  DIAGNÓSTICO DEL NIVEL DE VULNERABILIDAD Y FORMULACIÓN DE RECOMENDACIONES Y/O ALTERNATIVAS DE REFORZAMIENTO ESTRUCTURAL  DE CONFORMIDAD CON LA NSR-10 Y DEMÁS NORMATIVA VIGENTE APLICABLE.","39270000","No Definido","Publicado","palabra clave: ""sísmica""","https://community.secop.gov.co/Public/Tendering/OpportunityDetail/Index?noticeUID=CO1.NTC.10693095","2026-08-14T02:08:35.609Z"
"CO1.REQ.10836261","Universidad Surcolombiana","Prestar sus servicios profesionales para la asistencia y manejo de los laboratorios de estructuras y geotecnia de la Facultad de Ingenieria de la Universidad Surcolombiana","3000000","Neiva","Publicado","palabra clave: ""geotecnia""","https://community.secop.gov.co/Public/Tendering/OpportunityDetail/Index?noticeUID=CO1.NTC.10690172","2026-08-14T02:08:35.609Z"
"CO1.REQ.10825725","UNIVERSIDAD INDUSTRIAL DE SANTANDER","Prestar servicios profesionales para realizar el modelado de propiedades en Petrel para los prospectos de almacenamiento de CO2 en el marco del proyecto de CCS con objeto:  Realizar la caracterización y análisis integral para desarrollar almacenamientos subterráneos de CO2 en estructuras geológicas asociadas a acuíferos salinos y yacimientos depletados O&G en áreas libres   empleando la excelencia técnica e imparcialidad en la aplicación de los métodos  bajo el marco del sistema de calidad ISO/I","26000000","Bucaramanga","Publicado","palabra clave: ""caracterización geológica""","https://community.secop.gov.co/Public/Tendering/OpportunityDetail/Index?noticeUID=CO1.NTC.10679599","2026-08-14T02:08:35.609Z"
"CO1.REQ.10825394","UNIVERSIDAD INDUSTRIAL DE SANTANDER","Prestar servicios profesionales SIG relacionados con análisis espacial y SIG  en el marco de la ejecución del contrato No. 654 ANH-UIS con objeto ¿Realizar la caracterización y análisis integral para desarrollar almacenamientos subterráneos de CO2 en estructuras geológicas asociadas a acuíferos salinos y yacimientos depletados O&G en áreas libres   empleando la excelencia técnica e imparcialidad en la aplicación de los métodos  bajo el marco del sistema de calidad ISO/IEC 17025.","26000000","Bucaramanga","Publicado","palabra clave: ""caracterización geológica""","https://community.secop.gov.co/Public/Tendering/OpportunityDetail/Index?noticeUID=CO1.NTC.10679716","2026-08-14T02:08:35.609Z"
"CO1.REQ.10826014","UNIVERSIDAD INDUSTRIAL DE SANTANDER","Prestar servicios profesionales para la descripción geológica de los núcleos de roca de los pozos objeto de estudio  mediante la identificación e interpretación de sus características litológicas  sedimentológicas y estructurales  contribuyendo a la caracterización geológica y al cumplimiento de los productos técnicos  en el marco del contrato 456 de 2026 ANH-UIS con objeto ¿realizar el análisis integral de corazones de pozos perforados por la ANH para avanzar en la evaluación del potencial de f","20680000","Bucaramanga","Publicado","palabra clave: ""caracterización geológica""","https://community.secop.gov.co/Public/Tendering/OpportunityDetail/Index?noticeUID=CO1.NTC.10679941","2026-08-14T02:08:35.609Z"
"CO1.REQ.10839882","UNIVERSIDAD NACIONAL DE COLOMBIA","Prestar servicio de diagnostico para el analizador elemental del laboratorio de Aguas y suelos de la Facultad de Ciencias Agrarias de la Universidad Nacional de Colombia - Sede Bogotá","4284000","No Definido","Publicado","palabra clave: ""laboratorio de suelos""","https://community.secop.gov.co/Public/Tendering/OpportunityDetail/Index?noticeUID=CO1.NTC.10694805","2026-08-14T02:08:35.609Z"
"CO1.REQ.10798812","UNIQUINDIO","PRESTACIÓN DE SERVICIOS DE APOYO A LA GESTIÓN EN EL LABORATORIO DE SUELOS Y PAVIMENTOS DE LA FACULTAD DE INGENIERÍA.","9116157","Armenia","Publicado","palabra clave: ""laboratorio de suelos""","https://community.secop.gov.co/Public/Tendering/OpportunityDetail/Index?noticeUID=CO1.NTC.10695420","2026-08-14T02:08:35.609Z"
"CO1.REQ.10830757","UNIVERSIDAD NACIONAL DE COLOMBIA","ADQUIRIR EQUIPOS Y ELEMENTOS PARA LOS LABORATORIOS DE SUELOS  CONTROL Y AUTOMATIZACION EN AGRICULTURA Y RIEGO A PRESION DEL DEPARTAMENTO DE INGENIERIA CIVIL Y AGRICOLA  FACULTAD DE INGENIERIA  UNIVERSIDAD NACIONAL DE COLOMBIA  SEDE BOGOTA","75989830","No Definido","Publicado","palabra clave: ""laboratorio de suelos""","https://community.secop.gov.co/Public/Tendering/OpportunityDetail/Index?noticeUID=CO1.NTC.10685051","2026-08-14T02:08:35.610Z"
"CO1.REQ.10825414","UNIVERSIDAD NACIONAL DE COLOMBIA","Prestar servicio de mantenimiento preventivo de los equipos de los laboratorio de Física de suelos  aguas y suelos y quimica de suelos de la Facultad de Ciencias Agrarias de la Universidad Nacional de Colombia - Sede Bogotá","22479933","No Definido","Publicado","palabra clave: ""laboratorio de suelos""","https://community.secop.gov.co/Public/Tendering/OpportunityDetail/Index?noticeUID=CO1.NTC.10679512","2026-08-14T02:08:35.610Z"
"CO1.REQ.10822762","UNIVERSIDAD NACIONAL DE COLOMBIA","Prestar servicio de mantenimiento correctivo de las curvas de retención de humedad del laboratorio de Física de suelos de la Facultad de Ciencias Agrarias de la Universidad Nacional de Colombia  Sede Bogotá.","4879000","No Definido","Publicado","palabra clave: ""laboratorio de suelos""","https://community.secop.gov.co/Public/Tendering/OpportunityDetail/Index?noticeUID=CO1.NTC.10677071","2026-08-14T02:08:35.610Z"
"CO1.REQ.10831075","UNIVERSIDAD NACIONAL DE COLOMBIA","Realizar el estudio geotécnico  exploración del subsuelo  ensayos de laboratorio y análisis de cimentaciones para los edificios de la Universidad Pedagógica Nacional (Sede Calle 72)  para el Contrato Interadministrativo de Consultoría No. 361 de 2026  para realizar la consultoría integral para la formulación del Plan Maestro de Infraestructura Física de las instalaciones de la Universidad Pedagógica Nacional.","91035000","No Definido","Publicado","palabra clave: ""ensayos de laboratorio geotécnico""","https://community.secop.gov.co/Public/Tendering/OpportunityDetail/Index?noticeUID=CO1.NTC.10685180","2026-08-14T02:08:35.610Z"
"CO1.REQ.10840162","UNIDAD CENTRAL DEL VALLE DEL CAUCA","PRESTAR SERVICIOS PROFESIONALES PARA ASESORAR EN EL PRE-PROCESAMIENTO PREVIO DE IMÁGENES SATELITALES SENTINEL-2 Y DESARROLLAR EL ANÁLISIS ESTADÍSTICO DE VARIABILIDAD ESPACIO-TEMPORAL REQUERIDO EN EL PROYECTO  FOMENTO DE LA INVESTIGACIÓN APLICADA A TRAVÉS DE LA INTELIGENCIA ARTIFICIAL Y TECNOLOGÍAS AEROESPACIALES PARA LA GESTIÓN DE LOS RECURSOS HÍDRICOS Y LA BIODIVERSIDAD DE ECOSISTEMAS ESTRATÉGICOS EN EL PACÍFICO COLOMBIANO   CÓDIGO 109964  FINANCIADO MEDIANTE EL CONTRATO NO. 112721-126-2024.","8000000","Tuluá","Seleccionado","UNSPSC: V1.8115","https://community.secop.gov.co/Public/Tendering/OpportunityDetail/Index?noticeUID=CO1.NTC.10695701","2026-08-14T02:08:35.610Z"
"CO1.REQ.10836970","ALCALDIA MUNICIPAL DE GIRARDOT","Prestación de servicios de apoyo a la gestión del componente cartográfico del proceso de revisión y ajuste del Plan de Ordenamiento Territorial de Girardot - Cundinamarca.","10500000","Girardot","Publicado","UNSPSC: V1.8115","https://community.secop.gov.co/Public/Tendering/OpportunityDetail/Index?noticeUID=CO1.NTC.10692590","2026-08-14T02:08:35.610Z"
"CO1.REQ.10839823","UNIMAGDALENA","LA PRESENTE ORDEN TIENE POR OBJETO EL SERVICIO PARA LA REALIZACIÓN DE LOS ESTUDIOS HIDROLÓGICOS E HIDRÁULICOS DEL HUMEDAL DE SABANAGRANDE Y SANTO TOMÁS  DEPARTAMENTO DEL ATLÁNTICO","45786400","Santa Marta","Publicado","UNSPSC: V1.8115","https://community.secop.gov.co/Public/Tendering/OpportunityDetail/Index?noticeUID=CO1.NTC.10694586","2026-08-14T02:08:35.610Z"
"CO1.REQ.10835140","CORPORACIÓN AUTÓNOMA REGIONAL PARA LA DEFENSA DE LA MESETA DE BUCARAMANGA","PRESTAR LOS SERVICIOS DE APOYO A LA GESTIÓN PARA LA ACTUALIZACION  MANTENIMIENTO Y GENERACION DE INFORMACION DEL SISTEMA DE INFORMACION GEOGRAFICO  ASI COMO PARA LA EL APOYO DE LA ACUALIZACIONES GENERADAS EN AREAS PROTEGIDAS DE LA ENTIDAD. M GCA-SIG-20-26-2.","13750000","No Definido","Seleccionado","UNSPSC: V1.8115","https://community.secop.gov.co/Public/Tendering/OpportunityDetail/Index?noticeUID=CO1.NTC.10689078","2026-08-14T02:08:35.610Z"
"CO1.REQ.10824531","ALCALDIA MUNICIPIO DE ANGELOPOLIS..","PRESTACIÓN DE SERVICIOS A LA GESTIÓN PARA EL DESARROLLO DE ACTIVIDADES DE CONSERVACIÓN Y ACTUALIZACIÓN DE LA INFORMACIÓN PREDIAL CATASTRAL EN LA ZONA URBANA Y RURAL DEL MUNICIPIO DE ANGELÓPOLIS ANTIOQUIA.","15750000","Angelópolis","Seleccionado","UNSPSC: V1.8115","https://community.secop.gov.co/Public/Tendering/OpportunityDetail/Index?noticeUID=CO1.NTC.10687999","2026-08-14T02:08:35.610Z"
"CO1.REQ.10823376","GOBERNACION DEL AMAZONAS","INTERVENTORIA TECNICA  ADMINISTRATIVA Y FINANCIERA AL CONTRATO DE ELABORACION DE ESTUDIOS  DISEÑOS COMPLEMENTARIOS Y OBRAS DE OPTIMIZACIÓN DE LA RED DE DISTRIBUCIÓN Y ACOMEDIDAS DOMICILIARIAS DE AGUA","194790400","Leticia","Publicado","UNSPSC: V1.8115","https://community.secop.gov.co/Public/Tendering/OpportunityDetail/Index?noticeUID=CO1.NTC.10682020","2026-08-14T02:08:35.610Z"
"CO1.REQ.10826407","CORPORACIÓN AUTÓNOMA REGIONAL PARA LA DEFENSA DE LA MESETA DE BUCARAMANGA","CONTRATAR LOS SERVICIOS PROFESIONALES DE UN GEÓLOGO PARA QUE APOYE LA IDENTIFICACIÓN  CARACTERIZACIÓN Y CONSOLIDACIÓN DE AMENAZAS NATURALES DE LOS MUNICIPIOS DEL ÁREA DE JURISDICCIÓN DE LA CDMB  ASÍ COMO EL COMPONENTE CARTOGRÁFICO DE LOS INFORMES TECNICOS  EN EL MARCO DEL PROYECTO 5 DEL PAC 2024-2027: TERRITORIOS MÁS ADAPTADOS Y RESILIENTES FRENTE AL RIESGO EN LA JURISDICCIÓN DE LA CDMB (RA-GEOLOGO-01-26-2)","15600000","No Definido","Seleccionado","UNSPSC: V1.8115","https://community.secop.gov.co/Public/Tendering/OpportunityDetail/Index?noticeUID=CO1.NTC.10679965","2026-08-14T02:08:35.610Z"
"CO1.REQ.10828254","SERVICIO GEOLOGICO COLOMBIANO**","Prestar servicios profesionales en actividades de monitoreo volcánico en el segmento central de Colombia  contribuyendo en el diagnóstico de la actividad volcánica y ejecución de los planes de acción del Grupo de Trabajo del Observatorio Vulcanológico y Sismológico de Popayán (OVSPO) del Servicio Geológico Colombiano (SGC) ante los cambios de estados de alerta volcánica del segmento central del país","38220000","Bogotá","Seleccionado","UNSPSC: V1.8115","https://community.secop.gov.co/Public/Tendering/OpportunityDetail/Index?noticeUID=CO1.NTC.10683033","2026-08-14T02:08:35.610Z"
"CO1.REQ.10827973","MUNICIPIO DE LA SALINA","ACTUALIZACIÓN TOPOGRÁFICA DE TODAS LAS ÁREAS DE INFLUENCIA DEL NUEVO PROYECTO DE ACUEDUCTO URBANO DEL MUNICIPIO DE LA SALINA  CASANARE  INCLUYENDO LOS LEVANTAMIENTOS PLANIMÉTRICOS Y ALTIMÉTRICOS NECESARIOS  LA GEORREFERENCIACIÓN  EL PROCESAMIENTO DE LA INFORMACIÓN  LA ELABORACIÓN DE PLANOS  PERFILES Y DEMÁS PRODUCTOS CARTOGRÁFICOS REQUERIDOS PARA LA ACTUALIZACIÓN  AJUSTE Y VALIDACIÓN DE LOS DISEÑOS DEFINITIVOS DEL SISTEMA DE ACUEDUCTO","30000000","La Salina","Publicado","UNSPSC: V1.8115","https://community.secop.gov.co/Public/Tendering/OpportunityDetail/Index?noticeUID=CO1.NTC.10682303","2026-08-14T02:08:35.610Z"
"CO1.REQ.10838043","ESE METROSALUD","PRESTACIÓN DE SERVICIOS PROFESIONALES COMO AGENTE EDUCATIVO(A) EDUCADOR(A) FISICO(A) PARA LA PROMOCIÓN DEL DESARROLLO Y LA ATENCIÓN INTEGRAL DE MUJERES GESTANTES Y LACTANTES  NIÑAS Y NIÑOS DESDE LA GESTACIÓN HASTA LOS 5 AÑOS","24000000","Medellín","Publicado","UNSPSC: V1.8011","https://community.secop.gov.co/Public/Tendering/OpportunityDetail/Index?noticeUID=CO1.NTC.10692823","2026-08-14T02:08:35.610Z"
"CO1.REQ.10840181","DISTRITO ESPECIAL INDUSTRIAL Y PORTUARIO DE BARRANQUILLA","LA PRESTACION DE SERVICIOS DE APOYO A LA GESTION PARA ACOMPAÑAR A LA OFICINA DE SERVICIOS ADMINISTRATIVOS Y LOGISTICOS DE LA SECRETARIA GENERAL EN LAS ACTIVIDADES DE INDOLE ADMINISTRATIVA","291540000","Barranquilla","Seleccionado","UNSPSC: V1.8011","https://community.secop.gov.co/Public/Tendering/OpportunityDetail/Index?noticeUID=CO1.NTC.10696032","2026-08-14T02:08:35.610Z"
"CO1.REQ.10832875","IDRD - ENTIDAD OFICIAL.","PRESTAR SUS SERVICIOS PROFESIONALES PARA LA CONSOLIDACION Y REPORTE DE LA INFORMACION DEL SIM  GARANTIZANDO LA  RECOLECCION  ANALISIS Y PRESENTACION DE DATOS ESTADISTICOS PARA EL MONITOREO DEL PROYECTO DE INVERSION","34419000","Bogotá","Seleccionado","UNSPSC: V1.8011","https://community.secop.gov.co/Public/Tendering/OpportunityDetail/Index?noticeUID=CO1.NTC.10695438","2026-08-14T02:08:35.610Z"
"CO1.REQ.10839630","UNIVERSIDAD DE NARIÑO","EL EMPLEADOR CONTRATA DE MANERA DEFINIDA LOS SERVICIOS PERSONALES DEL CONTRATISTA COMO NIVEL 1  ADSCRITO A LA EXTENSION IPIALES EN LA UNIVERSIDAD DE NARIÑO","10271976","Pasto","Publicado","UNSPSC: V1.8011","https://community.secop.gov.co/Public/Tendering/OpportunityDetail/Index?noticeUID=CO1.NTC.10694117","2026-08-14T02:08:35.610Z"
"CO1.REQ.10838969","MUNICIPIO DE SABANETA","PRESTACIÓN DE SERVICIOS PARA EL DESARROLLO DE ACTIVIDADES OPERATIVAS  DE SEGUIMIENTO Y GESTIÓN  ORIENTADAS AL FORTALECIMIENTO DE LOS OPERATIVOS DE CONTROL Y VIGILANCIA EN SEGURIDAD VIAL  EN EL MARCO DE LA IMPLEMENTACIÓN DE ACCIONES Y ESTRATEGIAS DESTINADAS A MEJORAR LA EDUCACIÓN VIAL Y LA SEGURIDAD VIAL EN EL MUNICIPIO DE SABANETA","12099078","Sabaneta","Seleccionado","UNSPSC: V1.8011","https://community.secop.gov.co/Public/Tendering/OpportunityDetail/Index?noticeUID=CO1.NTC.10696474","2026-08-14T02:08:35.610Z"
"CO1.REQ.10840232","IDS","Prestar apoyo  para el desarrollo de las responsabilidades de proteger la salud individual y colectiva  verificando de manera sistemática y constante el cumplimiento de lo establecido en las normas constitucionales  legales y reglamentarias de la prestación de servicios de salud en el sistema de salud   con el fin de eliminar o minimizar riesgos  daños e impactos negativos para la salud de la población  según competencias departamentales definidas en el Plan territorial de salud en el marco del","16416000","Cúcuta","Seleccionado","UNSPSC: V1.8011","https://community.secop.gov.co/Public/Tendering/OpportunityDetail/Index?noticeUID=CO1.NTC.10694856","2026-08-14T02:08:35.610Z"
"CO1.REQ.10798523","SECRETARÍA DISTRITAL DE MOVILIDAD","PRESTAR SERVICIOS PROFESIONALES EN DERECHO PARA LA ELABORACIÓN  FUNDAMENTACIÓN JURÍDICA Y REVISIÓN DE ACTOS  ADMINISTRATIVOS; ATENDER DE MANERA INTEGRAL Y OPORTUNA LOS REQUERIMIENTOS CIUDADANOS; Y REALIZAR EL SEGUIMIENTO Y  CONTROL DE LAS ACTUACIONES ADMINISTRATIVAS NECESARIAS DENTRO DE LOS PROCESOS MISIONALES DE LA DIRECCIÓN DE  INVESTIGACIONES ADMINISTRATIVAS AL TRÁNSITO Y TRANSPORTE Y SUS RESPECTIVAS SUBDIRECCIONES.","42300000","Bogotá","Seleccionado","UNSPSC: V1.8011","https://community.secop.gov.co/Public/Tendering/OpportunityDetail/Index?noticeUID=CO1.NTC.10693469","2026-08-14T02:08:35.610Z"
"CO1.REQ.10840180","MUNICIPIO DE SOGAMOSO","PRESTAR LOS SERVICIOS DE APOYO A LA GESTIÓN COMO PROFESIONAL DEL EQUIPAMIENTO DE LOS ESCENARIOS CULTURALES Y PATRIMONIALES.","11375000","Sogamoso","Seleccionado","UNSPSC: V1.8011","https://community.secop.gov.co/Public/Tendering/OpportunityDetail/Index?noticeUID=CO1.NTC.10695216","2026-08-14T02:08:35.610Z"
"CO1.REQ.10838809","MUNICIPIO DE DONMATIAS","APOYO AL FORTALECIMIENTO INTEGRAL DE LA CASA DE LA CULTURA DEL CORREGIMIENTO DE BELLAVISTA EN EL MUNICIPIO DE DONMATÍAS  ANTIOQUIA  MEDIANTE EL DESARROLLO Y APOYO PROCESOS DE ACTIVIDADES DIRIGIDAS A LOS DIFERENTES SEGMENTOS POBLACIONALES.","11179429","Don Matías","Seleccionado","UNSPSC: V1.8011","https://community.secop.gov.co/Public/Tendering/OpportunityDetail/Index?noticeUID=CO1.NTC.10693514","2026-08-14T02:08:35.610Z"
"CO1.REQ.10838163","INSTITUTO DEPARTAMENTAL DE SALUD DE NARIÑO","Para el cumplimiento del Plan Territorial de Salud  Eje Estratégico Equidad e Inclusión Social  Programa salud con equidad   se ha formulado y se halla viabilizado el proyecto Fortalecimiento del proceso de Inspección  Vigilancia y Control (IVC) para la Gestion de la Salud Publica en el Departamento de Nariño radicado ante el banco de proyectos bajo el código 202500000044931  el cual comprende actividades de vigilancia epidemiológica en el departamento de Nariño de acuerdo a lineamientos naciona","18000000","No Definido","Seleccionado","UNSPSC: V1.8011","https://community.secop.gov.co/Public/Tendering/OpportunityDetail/Index?noticeUID=CO1.NTC.10692841","2026-08-14T02:08:35.610Z"
"CO1.REQ.10839054","GOBERNACION DEL AMAZONAS","PRESTACIÓN DE SERVICIOS DE UN TÉCNICO EN SALUD DE APOYO PARA EL FORTALECIMIENTO DE ESTRATEGIAS DE INFORMACIÓN DEL RIESGO EN EL ÁREA DE SALUD PÚBLICA SECRETARIA DE SALUD DEPARTAMENTAL","11815000","Leticia","Seleccionado","UNSPSC: V1.8011","https://community.secop.gov.co/Public/Tendering/OpportunityDetail/Index?noticeUID=CO1.NTC.10694557","2026-08-14T02:08:35.610Z"
"CO1.REQ.10838056","EMPRESA SOCIAL DEL ESTADO HOSPITAL LUIS ANTONIO MOJICA DE NATAGA","SUMINISTRO DE PAPELERÍA PARA APOYAR EL DESARROLLO OPERATIVO  EJECUCIÓN Y NORMAL FUNCIONAMIENTO DE LAS ACTIVIDADES CONTEMPLADAS EN EL PLAN DE INTERVENCIONES COLECTIVAS (PIC)  MUNIICPAL","5926517","No Definido","Publicado","UNSPSC: V1.8011","https://community.secop.gov.co/Public/Tendering/OpportunityDetail/Index?noticeUID=CO1.NTC.10692640","2026-08-14T02:08:35.610Z"
"CO1.REQ.10838251","ALCALDIA MUNICIPIO DE LETICIA","PRESTACION DE SERVICIOS DE APOYO A LA GESTION A LA DIRECCION DE INFRAESTRUCTURA QUE CONFORMA LA CUADRILLA DE TRABAJO NUMERO 3 PARA REALIZAR ACTIVIDADES DE CONSTRUCCION  MANTENIMIENTO  MEJORAMIENTO Y REHABILITACION DE LA MALLA VIAL DE LA CIUDAD DE LETICIA - DEPARTAMENTO DEL AMAZONAS","9430000","Leticia","Seleccionado","UNSPSC: V1.8011","https://community.secop.gov.co/Public/Tendering/OpportunityDetail/Index?noticeUID=CO1.NTC.10692676","2026-08-14T02:08:35.610Z"
"CO1.REQ.10839473","MUNICIPIO DE SAN JOSE DE CUCUTA.","2026BS-287 PRESTACIÓN DE SERVICIOS PROFESIONALES EN EL AREA OCUPACIONAL PARA EL FORTALECIMIENTO INTERDISCPLINARIO DEL PROGRAMA DE COLOMBIA MAYOR DEL MUNICIPIO DE SAN JOSÉ DE CÚCUTA IMPLEMENTADOS POR LA SECRETARIA DE BIENESTAR SOCIAL CONFORME AL PLAN DE DESARROLLO CÚCUTA PERSEVERANTE  SEGURA Y PRODUCTIVA 2024 -2027","15750000","Cúcuta","Seleccionado","UNSPSC: V1.8011","https://community.secop.gov.co/Public/Tendering/OpportunityDetail/Index?noticeUID=CO1.NTC.10693887","2026-08-14T02:08:35.610Z"
"CO1.REQ.10841991","ALCALDIA  MUNICIPIO DE IBAGUE*","SSM494-PRESTACIÓN DE SERVICIOS PROFESIONALES DE UN ODONTÓLOGO PARA LA GESTIÓN DEL RIESGO EN SALUD PÚBLICA EN EL COMPONENTE VIDA SALUDABLE Y CONDICIONES NO TRANSMISIBLES","18900000","Ibagué","Seleccionado","UNSPSC: V1.8011","https://community.secop.gov.co/Public/Tendering/OpportunityDetail/Index?noticeUID=CO1.NTC.10696375","2026-08-14T02:08:35.610Z"
"CO1.REQ.10843126","ALCALDÍA DE POPAYÁN","PRESTAR SERVICIOS PROFESIONALES ESPECIALIZADOS APOYANDO EL SEGUIMIENTO DE LAS OBRAS A CARGO DE LA SECRETARÍA  EN EL MARCO DE LA EJECUCIÓN DEL PROYECTO DENOMINADO APOYO ESTRATÉGICO A LA GESTIÓN TÉCNICA E INSTITUCIONAL DE LA SECRETARÍA DE INFRAESTRUCTURA","18000000","Popayán","Publicado","UNSPSC: V1.8011","https://community.secop.gov.co/Public/Tendering/OpportunityDetail/Index?noticeUID=CO1.NTC.10698507","2026-08-14T02:08:35.610Z"
"CO1.REQ.10839889","ALCALDIA DE AGUACHICA","PRESTACIÓN DE APOYO TECNICO EN ASISTENCIA EN LAS ACTIVIDADES DE LEVANTAMIENTO  CONSOLIDACION Y SEGUIMIENTO DE INFORMACION DE VIGILANCIA ENSALUD PUBLICA (PAI  LEPRA  TUBERCULOSIS  EDA  IRA) DEL DEPARTAMENTO ADMINISTRATIVO DE SALUD DE AGUACHICA -CESAR","14400000","Aguachica","Seleccionado","UNSPSC: V1.8011","https://community.secop.gov.co/Public/Tendering/OpportunityDetail/Index?noticeUID=CO1.NTC.10694962","2026-08-14T02:08:35.610Z"
"CO1.REQ.10839481","HOSPITAL REGIONAL DUITAMA","PRESTACIÓN DE SERVICIOS DE APOYO A LAS ACTIVIDADES DE TALENTO HUMANO DE LA E.S.E. HOSPITAL REGIONAL DE DUITAMA","12771500","Duitama","Publicado","UNSPSC: V1.8011","https://community.secop.gov.co/Public/Tendering/OpportunityDetail/Index?noticeUID=CO1.NTC.10693894","2026-08-14T02:08:35.610Z"
"CO1.REQ.10843443","Grupo Intendencia Regional Caribe","PRESTACIÓN DE LOS SERVICIOS DE APOYO A LA GESTION DE UN TECNÓLOGO AMBIENTAL PARA APOYAR EN LOS PROCESOS AMBIENTALES PARA LA CAPITANÍA DE BARRANQUILLA DE LA DIRECCIÓN GENERAL MARÍTIMA - DIMAR","12649000","Cartagena","Seleccionado","UNSPSC: V1.8011","https://community.secop.gov.co/Public/Tendering/OpportunityDetail/Index?noticeUID=CO1.NTC.10697890","2026-08-14T02:08:35.610Z"
"CO1.REQ.10686863","SANTIAGO DE CALI DISTRITO ESPECIAL - SECRETARIA DE DESARROLLO ECONOMICO","PRESTAR LOS SERVICIOS DE APOYO A LA GESTIÓN COMO TÉCNICO CON EL FIN DE BRINDAR SOPORTE A LAS ACTIVIDADES ADELANTADAS EN LA SECRETARÍA DE DESARROLLO ECONÓMICO DEL DISTRITO ESPECIAL DE SANTIAGO DE CALI.","10653000","Cali","Seleccionado","UNSPSC: V1.8011","https://community.secop.gov.co/Public/Tendering/OpportunityDetail/Index?noticeUID=CO1.NTC.10695716","2026-08-14T02:08:35.610Z"
"CO1.REQ.10839097","UNIVERSIDAD NACIONAL DE COLOMBIA","Adquirir reactivos y materiales de laboartorio para el desarrollo de las actividades del proyecto de extensión Identificación y bioprospección de hongos macromicetos colombianos versión 2 del departamento de Química.","2129267","No Definido","Publicado","UNSPSC: V1.4111","https://community.secop.gov.co/Public/Tendering/OpportunityDetail/Index?noticeUID=CO1.NTC.10694312","2026-08-14T02:08:35.610Z"
"CO1.REQ.10838423","INSTITUTO NACIONAL DE VIGILANCIA DE MEDICAMENTOS Y ALIMENTOS //","Adquisición de un (1) juego de pesas patrón clase E2  con trazabilidad metrológica e incertidumbre declarada bajo la norma ISO/IEC 17025  destinado al aseguramiento de la validez de los resultados y la verificación periódica de las balanzas analíticas y microbalanzas pertenecientes al Laboratorio Fisicoquímico de Productos Farmacéuticos y otras Tecnologías del INVIMA.","0","Bogotá","Publicado","UNSPSC: V1.4111","https://community.secop.gov.co/Public/Tendering/OpportunityDetail/Index?noticeUID=CO1.NTC.10692967","2026-08-14T02:08:35.610Z"
"CO1.REQ.10838316","UNIVERSIDAD INDUSTRIAL DE SANTANDER","COMPRAR MATERIALES PARA EL DESARROLLO DE LAS PRACTICAS DOCENTES QUE SE REALIZAN EN LOS LABORATORIOS DE LA ESCUELA DE QUIMICA.","5490790","Bucaramanga","Publicado","UNSPSC: V1.4111","https://community.secop.gov.co/Public/Tendering/OpportunityDetail/Index?noticeUID=CO1.NTC.10692622","2026-08-14T02:08:35.610Z"
"CO1.REQ.10834071","INSTITUTO NACIONAL DE MEDICINA LEGAL Y CIENCIAS FORENSES","SUMINISTRO DE INSUMOS PARA LOS LABORATORIOS FORENSES Y ORGANISMOS DE INSPECCIÓN DEL INSTITUTO NACIONAL DE MEDICINA LEGAL Y CIENCIAS FORENSES.","2686512288","No Definido","Publicado","UNSPSC: V1.4111","https://community.secop.gov.co/Public/Tendering/OpportunityDetail/Index?noticeUID=CO1.NTC.10699449","2026-08-14T02:08:35.610Z"
"CO1.REQ.10838713","FISCALÍA GENERAL DE LA NACIÓN NIVEL CENTRAL.","ADQUISICIÓN DE EQUIPOS ESPECIALIZADOS DE CRIMINALÍSTICA PARA LA FISCALÍA GENERAL DE LA NACIÓN A NIVEL NACIONAL  GRUPOS 1  2  3  4  5  6  7  8  Y 9","23772005503","Bogotá","Publicado","UNSPSC: V1.4111","https://community.secop.gov.co/Public/Tendering/OpportunityDetail/Index?noticeUID=CO1.NTC.10697859","2026-08-14T02:08:35.610Z"
"CO1.REQ.10838151","ESE HOSPITAL PRESBITERO EMIGDIO PALACIO","MANO DE OBRA PARA EL MANTENIMIENTO PREVENTIVO Y CORRECTIVO DE LAS MOTOBOMBAS SUMERGIBLES INSTALADAS EN EL TANQUE DE ATRAPAGRASAS DE LA E.S.E. HOSPITAL PRESBÍTERO EMIGDIO PALACIO  INCLUYENDO EL SUMINISTRO E INSTALACIÓN DE DOS (2) MOTOBOMBAS SUMERGIBLES PARA AGUAS NEGRAS  CON EL FIN DE GARANTIZAR EL ADECUADO FUNCIONAMIENTO DEL SISTEMA DE MANEJO DE AGUAS RESIDUALES DE LA INSTITUCIÓN  EN CUMPLIMIENTO DEL PLAN DE MANTENIMIENTO HOSPITALARIO DE LA VIGENCIA 2026","5100000","No Definido","Publicado","UNSPSC: V1.4111","https://community.secop.gov.co/Public/Tendering/OpportunityDetail/Index?noticeUID=CO1.NTC.10692443","2026-08-14T02:08:35.610Z"
"CO1.REQ.10840523","ESE HOSPITAL SAN FRANCISCO SAN LUIS DE GACENO","SUMINISTRO DE PROGRAMA PARA EL CONTROL DE CALIDAD EXTERNA EN QUÍMICA CLÍNICA; HEMATOLOGÍA E INFECCIOSAS PARA EL LABORATORIO DE LA EMPRESA SOCIAL DEL ESTADO HOSPITAL SAN FRANCISCO.","2687637","San Luis De Gaceno","Publicado","UNSPSC: V1.4111","https://community.secop.gov.co/Public/Tendering/OpportunityDetail/Index?noticeUID=CO1.NTC.10694926","2026-08-14T02:08:35.610Z"
"CO1.REQ.10838689","HOSPITAL SAN JUAN BOSCO","CONTRATO DE ADQUISICION DE UN EQUIPO DIGITALIZADOR DE RAYOS X  BAJO LA MODALIDAD DE ARRENDAMIENTO  CON DESTINO A LA ESE HOSPITAL SAN JUAN BOSCO DE BOSCONIA-CESAR","24000000","Bosconia","Publicado","UNSPSC: V1.4111","https://community.secop.gov.co/Public/Tendering/OpportunityDetail/Index?noticeUID=CO1.NTC.10693352","2026-08-14T02:08:35.610Z"
"CO1.REQ.10832687","DEPARTAMENTO ADMINISTRATIVO NACIONAL DE ESTADÍSTICA - DIR TER NOROCCIDENTE - (DANE NOROCCIDENTE)","3148502726_A_02_APARATOS_MÉDICOS_2026_Adquisición de termohigrómetros y luxómetros para espacios de almacenamiento documental las sedes del DANE Territorial Noroccidente","10560000","No Definido","Publicado","UNSPSC: V1.4111","https://community.secop.gov.co/Public/Tendering/OpportunityDetail/Index?noticeUID=CO1.NTC.10695611","2026-08-14T02:08:35.610Z"
"CO1.REQ.10840445","ALCALDIA DE PASTO","El contratista se compromete con el Municipio de Pasto a suministrar UN SONÓMETRO DIGITAL INTEGRADOR CLASE 1 / TIPO I  CON EL FIN DE FORTALECER LAS LABORES DE CONTROL  VIGILANCIA Y SEGUIMIENTO A LAS EMISIONES DE RUIDO Y RUIDO AMBIENTAL EN EL MUNICIPIO DE PASTO  EN CUMPLIMIENTO DE LA NORMATIVIDAD AMBIENTAL VIGENTE Y LAS FUNCIONES DE POLICÍA DE LA SUBSECRETARÍA DE CONTROL. SGMBYS025  de conformidad con las especificaciones técnicas ....","26717636","Pasto","Publicado","UNSPSC: V1.4111","https://community.secop.gov.co/Public/Tendering/OpportunityDetail/Index?noticeUID=CO1.NTC.10699438","2026-08-14T02:08:35.610Z"
"CO1.REQ.10837572","EMPRESAS PUBLICAS DE MEDELLIN E.S.P.","sensor de proximidad tipo inductivo namur 7.5-30vccm30x1.5","18165600","Medellín","Publicado","UNSPSC: V1.4111","https://community.secop.gov.co/Public/Tendering/OpportunityDetail/Index?noticeUID=CO1.NTC.10692010","2026-08-14T02:08:35.610Z"
"CO1.REQ.10841184","E.S.E. HOSPITAL DEPARTAMENTAL SAN VICENTE DE PAUL","Suministro de material médico quirúrgico representado en tiras reactivas de glucosa nipro premier para toma de pruebas de glucometria necesarios para el correcto funcionamiento de los equipos de glucometria  que posee la E.S.E. Hospital Departamental San Vicente de Paúl de Garzón Huila  en calidad de comodato. De acuerdo a los requerimientos de la entidad contratante","31274100","Garzón","Publicado","UNSPSC: V1.4111","https://community.secop.gov.co/Public/Tendering/OpportunityDetail/Index?noticeUID=CO1.NTC.10695783","2026-08-14T02:08:35.610Z"
"CO1.REQ.10838354","UNIVERSIDAD NACIONAL DE COLOMBIA","Adquirir reactivo de laboratorio para el proyecto de investigación -Biología del cianuro en las hojas de yuca: conocer para desintoxicar.","1693132","No Definido","Publicado","UNSPSC: V1.4111","https://community.secop.gov.co/Public/Tendering/OpportunityDetail/Index?noticeUID=CO1.NTC.10692672","2026-08-14T02:08:35.610Z"
"CO1.REQ.10840219","INDUSTRIA LICORERA DEL CAUCA","CONTRATAR EL SERVICIO DE MANTENIMIENTO CORRECTIVO PARA EL CROMATÓGRAFO DE GASES GC7890B INCLUYENDO LOS REPUESTOS NECESARIOS PARA EL CORRECTO FUNCIONAMIENTO DEL EQUIPO","14161000","Popayán","Seleccionado","UNSPSC: V1.4111","https://community.secop.gov.co/Public/Tendering/OpportunityDetail/Index?noticeUID=CO1.NTC.10695016","2026-08-14T02:08:35.610Z"
"CO1.REQ.10830241","HOSPITAL GENERAL DE MEDELLIN LUZ CASTRO DE GUTIERREZ ESE","Material Reactivo Banco de Sangre","32716100","No Definido","Publicado","UNSPSC: V1.4111","https://community.secop.gov.co/Public/Tendering/OpportunityDetail/Index?noticeUID=CO1.NTC.10684460","2026-08-14T02:08:35.610Z"
"CO1.REQ.10832719","UNIVERSIDAD DE ANTIOQUIA","Se requiere compra de Reactivos para el Gruo de Investigación BIOPOLIMER. Proyecto Asociado ES84240023 Evaluación de la producción simultánea de enzimas ligninolíticas  polisacáridos y biomasa de hongos de la podredumbre blanca aislados en la región andina de Colombia acta 202477019 Según cotización No. C121788 DISTRIBUIDORA BIOCIENTIFICA SAS Ticket. 10834360","956610","Medellín","Publicado","UNSPSC: V1.4111","https://community.secop.gov.co/Public/Tendering/OpportunityDetail/Index?noticeUID=CO1.NTC.10686682","2026-08-14T02:08:35.610Z"
"CO1.REQ.10819809","UNIVERSIDAD DE ANTIOQUIA","Responsable de la compra Kelly Giraldo Grupo Neurociencias Compra de 1UndST3GALIV ref SC293406 Santa Cruz 1UndAnticuerpo CD33 AB11032 50UG Abcam","6651138","Medellín","Publicado","UNSPSC: V1.4111","https://community.secop.gov.co/Public/Tendering/OpportunityDetail/Index?noticeUID=CO1.NTC.10685753","2026-08-14T02:08:35.610Z"
"CO1.REQ.10832062","UNIVERSIDAD NACIONAL DE COLOMBIA","Adquirir equipos de laboratorio destinados al Laboratorio de Fisiología Vegetal de la Facultad de Ciencias de la Universidad Nacional de Colombia  Sede Bogotá.","11900000","No Definido","Publicado","UNSPSC: V1.4111","https://community.secop.gov.co/Public/Tendering/OpportunityDetail/Index?noticeUID=CO1.NTC.10685999","2026-08-14T02:08:35.610Z"
"CO1.REQ.10836867","Institución Universitaria Pascual Bravo COMPRADOR","Adquisición de dispositivos  Insumos Electrónicos y accesorios para el desarrollo de actividades académicas  investigativas y administrativas de la Institución Universitaria Pascual Bravo","145313518","Medellín","Publicado","UNSPSC: V1.4111","https://community.secop.gov.co/Public/Tendering/OpportunityDetail/Index?noticeUID=CO1.NTC.10691060","2026-08-14T02:08:35.610Z"
"CO1.REQ.10836392","UNIVERSIDAD NACIONAL DE COLOMBIA","Adquirir reactivos e insumos de laboratorio para el desarrollo de las actividades del Departamento de Química.","10073350","No Definido","Publicado","UNSPSC: V1.4111","https://community.secop.gov.co/Public/Tendering/OpportunityDetail/Index?noticeUID=CO1.NTC.10690499","2026-08-14T02:08:35.610Z"
"CO1.REQ.10839757","INSTITUCIÓN EDUCATIVA EL HATO","Prestación de servicios de soporte técnico y mantenimiento preventivo y correctivo de los equipos de cómputo e impresoras de las sedes de la Institución Educativa.","1591619","Pesca","Publicado","UNSPSC: V1.8110","https://community.secop.gov.co/Public/Tendering/OpportunityDetail/Index?noticeUID=CO1.NTC.10694231","2026-08-14T02:08:35.610Z"
"CO1.REQ.10838234","MUNICIPIO DE SOATA","CONSULTORIA PARA LA ELABORACION DEL DIAGNOSTICO INTEGRAL Y ESTUDIO DE PATOLOGIA SOBRE EL ESTADO ACTUAL DE LA PLAZA DE MERCADO MUNICIPAL DE SOATA  BOYACÁ","49021769","Soatá","Publicado","UNSPSC: V1.8110","https://community.secop.gov.co/Public/Tendering/OpportunityDetail/Index?noticeUID=CO1.NTC.10692735","2026-08-14T02:08:35.610Z"
"CO1.REQ.10836807","ESCUELA DE POLICIA ANTONIO NARIÑO","PRESTACIÓN DE SERVICIOS PROFESIONALES PARA REALIZAR SEGUIMIENTO Y CONTROL DE LA EJECUCIÓN DE LOS CONTRATOS DE OBRA NO. 115-3-25 CUYO OBJETO ES MANTENIMIENTO PREVENTIVO  CORRECTIVO  ADECUACIÓN Y REMODELACIÓN MAYOR DE LAS INSTALACIONES DE LA ESCUELA DE POLICÍA ANTONIO NARIÑO EN SOLEDAD - ATLÁNTICO (ESANA) A PRECIOS UNITARIOS EN EL MARCO DEL CONVENIO INTERADMINISTRATIVO NO. 00000-9 -2024 - DIEPO  - LOTE 1 Y ACOMPAÑAMIENTO  SEGUIMIENTO  ASESORÍA A LA SUPERVISIÓN DE LOS DIFERENTES CONTRATOS DE OBRA Y","15000000","Soledad","Seleccionado","UNSPSC: V1.8110","https://community.secop.gov.co/Public/Tendering/OpportunityDetail/Index?noticeUID=CO1.NTC.10695999","2026-08-14T02:08:35.610Z"
"CO1.REQ.10838403","UNIVERSIDAD NACIONAL DE COLOMBIA","PRESTAR SERVICIOS PROFESIONALES PARA DISEÑAR  DESARROLLAR  INVESTIGAR Y ANALIZAR LAS PRUEBAS DE LABORATORIO ASOCIADAS A LOS SISTEMAS DE POLÍMEROS  GELES Y SURFACTANTES EMPLEADOS EN PROCESOS DE RECOBRO MEJORADO DE PETRÓLEO (EOR)  PROFUNDIZANDO EN LA CARACTERIZACIÓN DE AGUAS DE INYECCIÓN  EL COMPORTAMIENTO DE GELACIÓN Y LAS INTERACCIONES FLUIDO-FLUIDO Y FLUIDO-ROCA  PARA SER UTILIZADAS EN OTROS PROCESOS EOR E IOR.","28500000","No Definido","Publicado","UNSPSC: V1.8110","https://community.secop.gov.co/Public/Tendering/OpportunityDetail/Index?noticeUID=CO1.NTC.10692684","2026-08-14T02:08:35.610Z"
"CO1.REQ.10839955","MUNICIPIO DE EL COCUY","REALIZACIÓN DE MANTENIMIENTO PREVENTIVO Y CORRECTIVO A MONTO AGOTABLE DEL BANCO DE MAQUINARIA AMARILLA DE PROPIEDAD DEL MUNICIPIO DE EL COCUY","80527526","El Cocuy","Publicado","UNSPSC: V1.8110","https://community.secop.gov.co/Public/Tendering/OpportunityDetail/Index?noticeUID=CO1.NTC.10694582","2026-08-14T02:08:35.610Z"
"CO1.REQ.10827189","INSTITUTO DE DESARROLLO URBANO","PRESTAR SERVICIOS PROFESIONALES ESPECIALIZADOS PARA APOYAR LA SUPERVISIÓN INTEGRAL DE LOS PROYECTOS DE INFRAESTRUCTURA DE ALTA COMPLEJIDAD A CARGO DE LA DIRECCIÓN TÉCNICA DE PROYECTOS.","59925000","Bogotá","Seleccionado","UNSPSC: V1.8110","https://community.secop.gov.co/Public/Tendering/OpportunityDetail/Index?noticeUID=CO1.NTC.10695902","2026-08-14T02:08:35.610Z"
"CO1.REQ.10839375","DIRECCIÓN DE INVESTIGACIÓN CRIMINAL E INTERPOL","Estación Topográfica con Sistema de Escaneo y la Aeronave Remotamente Tripulada (ART) Drone Matrice 30  requieren actividades de mantenimiento especializado que garanticen su correcto funcionamiento  confiabilidad y disponibilidad operativa.","0","No Definido","Publicado","UNSPSC: V1.8110","https://community.secop.gov.co/Public/Tendering/OpportunityDetail/Index?noticeUID=CO1.NTC.10694423","2026-08-14T02:08:35.610Z"
"CO1.REQ.10839444","IGAC Sede Central *","Prestación de servicios profesionales para el fortalecimiento de capacidades institucionales mediante la ejecución de actividades de capacitación y transferencia de saberes en los componentes misionales del IGAC.","8000000","No Definido","Seleccionado","UNSPSC: V1.8110","https://community.secop.gov.co/Public/Tendering/OpportunityDetail/Index?noticeUID=CO1.NTC.10693879","2026-08-14T02:08:35.610Z"
"CO1.REQ.10827035","MUNICIPIO DE ENVIGADO*","1.	Aunar esfuerzos técnicos  administrativos y comunitarios entre el Municipio y la Junta de Acción Comunal del Barrió Mesa  para realizar mantenimiento a los andenes  escalas y jardineras del Barrio Mesa del Municipio de Envigado  en el marco del programa de contratación social y de conformidad con las especificaciones técnicas  el presupuesto oficial y los documentos del proceso.","89974650","Envigado","Seleccionado","UNSPSC: V1.8110","https://community.secop.gov.co/Public/Tendering/OpportunityDetail/Index?noticeUID=CO1.NTC.10694166","2026-08-14T02:08:35.610Z"
"CO1.REQ.10840903","ALCALDIA MUNICIPIO DE NOCAIMA","INTERVENTORIA TÉCNICA  ADMINISTRATIVA  JURIDICA Y AMBIENTAL AL CONTRATO DE OBRA PUBLICA  CUYO OBJETO ES CONSTRUCCION DE PERGOLA ORNAMENTAL EN LA ENTRADA DEL MUNICIPIO DE NOCAIMA CUNDINAMARCA BAJO EL MARCO DE LA EJECUCIÓN DEL PROYECTO DEPARTAMENTAL PUEBLOS DORADOS  DE ACUERDO AL CONVENIO 887-2024","48458115","Nocaima","Publicado","UNSPSC: V1.8110","https://community.secop.gov.co/Public/Tendering/OpportunityDetail/Index?noticeUID=CO1.NTC.10695463","2026-08-14T02:08:35.610Z"
"CO1.REQ.10838735","UNIVERSIDAD NACIONAL DE COLOMBIA","PRESTAR SERVICIOS PROFESIONALES PARA REALIZAR EL LEVANTAMIENTO Y FORMULAR EL PLAN DE USOS PARA LA FUTURA ADECUACIÓN DE LOS ESPACIOS DEL EDIFICIO 210 y 910 DE LA FACULTAD DE ODONTOLOGÍA DE LA UNIVERSIDAD NACIONAL DE COLOMBIA  SEDE BOGOTÁ.","14280000","No Definido","Publicado","UNSPSC: V1.8110","https://community.secop.gov.co/Public/Tendering/OpportunityDetail/Index?noticeUID=CO1.NTC.10693559","2026-08-14T02:08:35.610Z"
"CO1.REQ.10830947","GOBERNACION DEL HUILA*","PRESTAR LOS SERVICIOS DE METROLOGÍA BIOMÉDICA A TODO COSTO PARA EL LABORATORIO DE SALUD PÚBLICA DEL DEPARTAMENTO DEL HUILA  QUE COMPRENDE LA EJECUCIÓN DE ACTIVIDADES DE MANTENIMIENTO PREVENTIVO  MANTENIMIENTO CORRECTIVO  VALIDACIÓN Y CALIBRACIÓN DE LOS EQUIPOS DEL LABORATORIO  INCLUYENDO EL SUMINISTRO DE TODOS LOS INSUMOS  REPUESTOS  MATERIALES  MANO DE OBRA CALIFICADA Y DEMÁS RECURSOS TÉCNICOS Y LOGÍSTICOS","528873384","No Definido","Publicado","UNSPSC: V1.8110","https://community.secop.gov.co/Public/Tendering/OpportunityDetail/Index?noticeUID=CO1.NTC.10699002","2026-08-14T02:08:35.610Z"
"CO1.REQ.10827536","ALCALDIA MUNICIPIO DE NOCAIMA","INTERVENTORÍA TÉCNICA  ADMINISTRATIVA  FINANCIERA  JURIDICA Y AMBIENTAL AL CONTRATO DE OBRA PUBLICA  CUYO OBJETO ES MEJORAMIENTO DE LA CALLE 10 ENTRE CARRERA 5 Y 7 CARRERA 7 ENTRE CALLE 9 Y 10 DEL MUNICIPIO DE NOCAIMA","56748374","Nocaima","Publicado","UNSPSC: V1.8110","https://community.secop.gov.co/Public/Tendering/OpportunityDetail/Index?noticeUID=CO1.NTC.10693404","2026-08-14T02:08:35.610Z"
"CO1.REQ.10813341","SENA DISTRITO CAPITAL GRUPO DE APOYO ADMINISTRATIVO - CGI","Contratar el mantenimiento y la calibración de los equipos del Laboratorio del centro de Diseño y Metrología","6241603","Bogotá","Publicado","UNSPSC: V1.8110","https://community.secop.gov.co/Public/Tendering/OpportunityDetail/Index?noticeUID=CO1.NTC.10696786","2026-08-14T02:08:35.610Z"
"CO1.REQ.10839905","HOSPITAL RAUL OREJUELA BUENO","PRESTAR SERVICIOS PROFESIONALES EN EL PROCESO DEL SISTEMA DE GESTION INTEGRADO DE CALIDAD  BRINDANDO APOYO A LA IMPLEMENTACION  SEGUIMIENTO Y MEJORAMIENTO DEL SISTEMA DE GESTION DE CALIDAD EN LOS PROCESOS MISIONALES Y DE APOYO DEL HOSPITAL RAUL OREJUELA BUENO ESE","7000000","Palmira","Publicado","UNSPSC: V1.8110","https://community.secop.gov.co/Public/Tendering/OpportunityDetail/Index?noticeUID=CO1.NTC.10694323","2026-08-14T02:08:35.610Z"
"CO1.REQ.10838341","EMPRESA DE ACUEDUCTO Y ALCANTARILLADO DE BOGOTÁ - E.S.P.","PRESTACION DE SERVICIO DE APOYO A LA GESTIÓN PARA EL MANTENIMIENTO PREVENTIVO Y CORRECTIVO DE LOS SISTEMAS ELECTROMECÁNICOS A CARGO DE LA DIRECCIÓN SERVICIOS DE ELECTROMECÁNICA DE LA EAAB-ESP","15934080","No Definido","Publicado","UNSPSC: V1.8110","https://community.secop.gov.co/Public/Tendering/OpportunityDetail/Index?noticeUID=CO1.NTC.10692656","2026-08-14T02:08:35.610Z"
"CO1.REQ.10838724","UNIMAGDALENA","SERVICIO DE MANTENIMIENTO PREVENTIVO PARA LOS EQUIPOS BIOMÉDICOS UBICADOS EN LA CLÍNICA ODONTOLÓGICA  CENTRO DE ALTO RENDIMIENTO Y DE BIENESTAR UNIVERSITARIO QUE SON UTILIZADOS POR ESTUDIANTES  DOCENTES Y PERSONAL MÉDICO PARA LAS PRÁCTICAS ACADÉMICAS Y ATENCIÓN EN SALUD DE LA COMUNIDAD UNIVERSITARIA","34673030","Santa Marta","Publicado","UNSPSC: V1.8110","https://community.secop.gov.co/Public/Tendering/OpportunityDetail/Index?noticeUID=CO1.NTC.10692992","2026-08-14T02:08:35.610Z"
"CO1.REQ.10841297","HOSPITAL HENRY VALENCIA OROZCO EMPRESA SOCIAL DEL ESTADO","SERVICIO DE TELEFONIA CELULAR PARA EL HOSPITAL HENRY VALENCIA OROZCO ESE","31430","No Definido","Publicado","UNSPSC: V1.8110","https://community.secop.gov.co/Public/Tendering/OpportunityDetail/Index?noticeUID=CO1.NTC.10695674","2026-08-14T02:08:35.610Z"
"CO1.REQ.10837571","EMPRESAS PUBLICAS DE MEDELLIN E.S.P.","calibracion y matenimiento de instrumentos y equipos de laboratorio  calibracion y matenimiento de instrumentos y equipos de laboratorio  calibracion y matenimiento de instrumentos y equipos de laboratorio  calibracion y matenimiento de instrumentos y equipos de laboratorio  calibracion y matenimiento de instrumentos y equipos de laboratorio  calibracion y matenimiento de instrumentos y equipos de laboratorio  calibracion y matenimiento de instrumentos y equipos de laboratorio  calibracion y ma","17704949","Medellín","Publicado","UNSPSC: V1.8110","https://community.secop.gov.co/Public/Tendering/OpportunityDetail/Index?noticeUID=CO1.NTC.10692209","2026-08-14T02:08:35.610Z"
"gmas","CO1.REQ.10862172","MUNICIPIO DE YUMBO VALLE","PRESTAR POR SUS PROPIOS MEDIOS Y AUTONOMÍA ADMINISTRATIVA LOS SERVICIOS DE APOYO A LA GESTIÓN EN LA SECRETARIA DE EDUCACIÓN MUNICIPAL DE YUMBO  EN EL MARCO DEL PROYECTO DE INVERSIÓN DENOMINADO FORTALECIMIENTO DE LA GESTIÓN INSTITUCIONAL PARA TRANSFORMAR LA EDUCACIÓN EN EL MUNICIPIO DE YUMBO CON BPIN 20247689200044","8000000","No Definido","Seleccionado","UNSPSC: V1.8011","https://community.secop.gov.co/Public/Tendering/OpportunityDetail/Index?noticeUID=CO1.NTC.10717582","2026-08-16T13:55:57.928Z"
"gmas","CO1.REQ.10863968","CORPORACIÓN AUTÓNOMA REGIONAL PARA LA DEFENSA DE LA MESETA DE BUCARAMANGA","BRINDAR SERVICIOS DE APOYO A LA GESTIÓN EN LOS DIFERENTES PROCESOS DE INVENTARIOS Y CLASIFICACIÓN DE ARCHIVO EN LA COORDINACIÓN DE RECURSOS FÍSICOS PARA LA SOSTENIBILIDAD  ASI COMO EN LA RECEPCIÓN Y TRAMITE DE SOLICITUDES QUE SE ALLEGUEN A LA COORDINACIÓN. (SAFII-RF26-APOYO-06)","8800000","No Definido","Seleccionado","UNSPSC: V1.8011","https://community.secop.gov.co/STS/Users/Login/Index","2026-08-17T14:05:14.201Z"
"gmas","CO1.REQ.10865292","E.S.E CENTRO DE SALUD TIMOTEO RIVEROS CUBILLOS","PRESTACION DE SERVICIOS PROFESIONALES COMO APOYO ADMINISTRATIVO PARA EL MANEJO DEL PROCESO DE ACTIVOS FIJOS  Y LAS HERRAMEINTAS DE TRANSPARENCIA Y ACCESO A LA INFORMACIÓN QUE SE GENERE POR PARTE DE LA E.S.E. CENTRO DE SALUD TIMOTEO RIVEROS CUBILLOS DE UNE CUNDINAMARCA","1600000","Une","Publicado","UNSPSC: V1.8011","https://community.secop.gov.co/Public/Tendering/OpportunityDetail/Index?noticeUID=CO1.NTC.10720528","2026-08-18T14:19:42.989Z"
"gmas","CO1.REQ.10860403","SANTIAGO DE CALI DISTRITO ESPECIAL -DEPARTAMENTO ADMINISTRATIVO DE DESARROLLO E INNOVACION INSTITUCIONAL","Prestar los servicios profesionales con el fin de brindar soporte a las actividades adelantadas en la Subdirección de Gestión Estrategica del Talento Humano del Departamento Administrativo de Desarrollo e Innovación Institucional","14415000","Cali","Seleccionado","UNSPSC: V1.8011","https://community.secop.gov.co/Public/Tendering/OpportunityDetail/Index?noticeUID=CO1.NTC.10721574","2026-08-19T14:20:33.859Z"
"gmas","CO1.REQ.10866872","ALCALDIA MUNICIPIO DE DOSQUEBRADAS","PRESTACIÓN DE SERVICIOS PROFESIONALES EN LA SECRETARIA DE GOBIERNO PARA EL FORTALECIEMIENDO DE LA SEGURIDAD  CONVIVENCIA CIUDADANA DEL MUNICIPIO DE DOSQUEBRADAS","11340000","Dosquebradas","Seleccionado","UNSPSC: V1.8011","https://community.secop.gov.co/Public/Tendering/OpportunityDetail/Index?noticeUID=CO1.NTC.10721680","2026-08-19T14:20:33.859Z"
"gmas","CO1.REQ.10822257","DEPARTAMENTO DEL VALLE DEL CAUCA - UNIDAD ADMINISTRATIVA ESPECIAL DE IMPUESTOS RENTAS Y GESTION TRIBUTARIA","PRESTACIÓN DE SERVICIOS PROFESIONALES EN LA UNIDAD ADMINISTRATIVA ESPECIAL DE IMPUESTOS  RENTAS Y GESTIÓN TRIBUTARIA DEL DEPARTAMENTO DEL VALLE DEL CAUCA EN CUMPLIMIENTO DEL PROYECTO DE INVERSIÓN: FORTALECIMIENTO DEL SERVICIO Y CONTROL DE LA GESTIÓN TRIBUTARIA EN EL DEPARTAMENTO DEL VALLE DEL CAUCA","5000000","Cali","Borrador","UNSPSC: V1.8011","https://community.secop.gov.co/STS/Users/Login/Index","2026-08-19T14:20:33.859Z"
"gmas","CO1.REQ.10867066","FINANCIERA DE DESARROLLO TERRITORIAL S.A.","PRESTAR SERVICIOS PROFESIONALES PARA REALIZAR EL SEGUIMIENTO  CONTROL  EJECUCIÓN Y LIQUIDACIÓN DE LOS PROYECTOS Y OBRAS DE INFRAESTRUCTURA EDUCATIVA PARA LA EDUCACIÓN SUPERIOR GESTIONADOS Y DESARROLLADOS POR LA OFICINA DE INFRAESTRUCTURA DEL MINISTERIO DE EDUCACIÓN NACIONAL","134400000","Bogotá","Publicado","UNSPSC: V1.8011","https://community.secop.gov.co/Public/Tendering/OpportunityDetail/Index?noticeUID=CO1.NTC.10721953","2026-08-19T14:20:33.859Z"
"gmas","CO1.REQ.10822325","DEPARTAMENTO DEL VALLE DEL CAUCA - UNIDAD ADMINISTRATIVA ESPECIAL DE IMPUESTOS RENTAS Y GESTION TRIBUTARIA","PRESTACIÓN DE SERVICIOS PROFESIONALES EN LA UNIDAD ADMINISTRATIVA ESPECIAL DE IMPUESTOS  RENTAS Y GESTIÓN TRIBUTARIA DEL DEPARTAMENTO DEL VALLE DEL CAUCA EN CUMPLIMIENTO DEL PROYECTO DE INVERSIÓN: FORTALECIMIENTO DEL SERVICIO Y CONTROL DE LA GESTIÓN TRIBUTARIA EN EL DEPARTAMENTO DEL VALLE DEL CAUCA","5000000","Cali","Borrador","UNSPSC: V1.8011","https://community.secop.gov.co/STS/Users/Login/Index","2026-08-19T14:20:33.859Z"
"gmas","CO1.REQ.10822060","DEPARTAMENTO DEL VALLE DEL CAUCA - UNIDAD ADMINISTRATIVA ESPECIAL DE IMPUESTOS RENTAS Y GESTION TRIBUTARIA","PRESTACIÓN DE SERVICIOS PROFESIONALES EN LA UNIDAD ADMINISTRATIVA ESPECIAL DE IMPUESTOS  RENTAS Y GESTIÓN TRIBUTARIA DEL DEPARTAMENTO DEL VALLE DEL CAUCA EN CUMPLIMIENTO DEL PROYECTO DE INVERSIÓN FORTALECIMIENTO DEL SERVICIO Y CONTROL DE LA GESTIÓN TRIBUTARIA EN EL DEPARTAMENTO DEL VALLE DEL CAUCA","5000000","Cali","Borrador","UNSPSC: V1.8011","https://community.secop.gov.co/STS/Users/Login/Index","2026-08-19T14:20:33.859Z"
"gmas","CO1.REQ.10901480","GOBERNACION DEL VALLE - SECRETARIA DE CONVIVENCIA Y SEGURIDAD CIUDADANA","PRESTAR LOS SERVICIOS COMO PROFESIONAL  EN LA SECRETARIA DE CONVIVENCIA Y SEGURIDAD CIUDADANA  PARA EL DESARROLLO DEL PROYECTO DE INVERSIÓN DENOMINADO:  IMPLEMENTACIÓN DE RUTA INTEGRAL PARA LA PROTECCIÓN DE LOS DERECHOS HUMANOS DE PERSONAS MIGRANTES  REFUGIADAS Y RETORNADAS EN EL VALLE DEL CAUCA .","34000000","No Definido","Seleccionado","UNSPSC: V1.8011","https://community.secop.gov.co/Public/Tendering/OpportunityDetail/Index?noticeUID=CO1.NTC.10756287","2026-08-23T13:57:43.639Z"
"gmas","CO1.REQ.10901730","GOBERNACION DEL VALLE - SECRETARIA DE CONVIVENCIA Y SEGURIDAD CIUDADANA","PRESTAR LOS SERVICIOS COMO PROFESIONAL  EN LA SECRETARIA DE CONVIVENCIA Y SEGURIDAD CIUDADANA  PARA EL DESARROLLO DEL PROYECTO DE INVERSIÓN DENOMINADO:  FORTALECIMIENTO DEL SISTEMA DE RESPONSABILIDAD PENAL PARA ADOLESCENTES Y DE LA PREVENCIÓN DEL TRABAJO INFANTIL PARA LA PROTECCIÓN DE NIÑOS  NIÑAS Y ADOLESCENTES EN EL VALLE DEL CAUCA .","8000000","No Definido","Seleccionado","UNSPSC: V1.8011","https://community.secop.gov.co/Public/Tendering/OpportunityDetail/Index?noticeUID=CO1.NTC.10756612","2026-08-23T13:57:43.639Z"
"gmas","CO1.REQ.10897475","ALCALDÍA DE POPAYÁN","PRESTAR SERVICIOS PROFESIONALES PARA APOYAR LA ATENCION Y ORIENTACION A USUARIOS Y LAS ACCIONES Y PROCEDIMIENTOS REQUERIDOS EN LA COMISARIA DE FAMILIA  EN EL MARCO DE EJECUCIÓN DEL PROYECTO DENOMINADO;  FORTALECIMIENTO DE LA CASA DE JUSTICIA  INSPECCIONES DE POLICÍA Y COMISARIAS DE FAMILIA AL SERVICIO DE LA COMUNIDAD EN EL MUNICIPIO DE POPAYÁN","16000000","Popayán","Aprobado","UNSPSC: V1.8011","https://community.secop.gov.co/Public/Tendering/OpportunityDetail/Index?noticeUID=CO1.NTC.10756616","2026-08-23T13:57:43.639Z"
"gmas","CO1.REQ.10901481","GOBERNACION DEL VALLE DEL CAUCA - SECRETARIA DE EDUCACION","PRESTAR LOS SERVICIOS COMO PROFESIONAL DE LA SECRETARÍA DE EDUCACIÓN DEPARTAMENTAL EN EL MARCO DEL PROYECTO DENOMINADO  MEJORAMIENTO DE LA GESTIÓN ESCOLAR EN LAS INSTITUCIONES EDUCATIVAS OFICIALES DE LOS MUNICIPIOS NO CERTIFICADOS DEL DEPARTAMENTO DEL   VALLE DEL CAUCA .","6000000","Cali","Publicado","UNSPSC: V1.8011","https://community.secop.gov.co/Public/Tendering/OpportunityDetail/Index?noticeUID=CO1.NTC.10756458","2026-08-23T13:57:43.639Z"
"gmas","CO1.REQ.10899200","ALCALDÍA DE POPAYÁN","PRESTAR SERVICIOS DE APOYO A LA GESTION ADMINISTRATIVA DESDE SU AREA DE CONOCIMIENTO EN LAS DIFERENTES ACTIVIDADES DE GESTION DOCUMENTAL Y LAS DEMAS REQUERIDAS POR LA SECRETARIA DE GOBIERNO Y PARTICIPACION COMUNITARIA DEL MUNICIPIO DE POPAYAN  DENTRO DEL PROYECTO DENOMINADO FORTALECIMIENTO DE LOS SERVICIOS DE PROTECCIÓN  ATENCIÓN Y GARANTÍA DE LOS DERECHOS DE LAS NIÑAS  NIÑOS Y ADOLESCENTES (NNA) Y SUS FAMILIAS EN EL MUNICIPIO DE POPAYÁN","20000000","Popayán","Aprobado","UNSPSC: V1.8011","https://community.secop.gov.co/STS/Users/Login/Index","2026-08-23T13:57:43.639Z"
"gmas","CO1.REQ.10901731","MUNICIPIO DE PEREIRA- OFICIAL","PRESTACIÓN DE SERVICIOS PROFESIONALES PARA DESARROLLAR ACTIVIDADES RELACIONADAS CON EL SOPORTE JURÍDICO TENDIENTES A LA EJECUCIÓN DEL CONTROL VIGILANCIA Y RECUPERACIÓN DEL ESPACIO PÚBLICO POR OCUPACIÓN INDEBIDA EN EL MUNICIPIO DE PEREIRA","7600000","Pereira","Seleccionado","UNSPSC: V1.8011","https://community.secop.gov.co/Public/Tendering/OpportunityDetail/Index?noticeUID=CO1.NTC.10756613","2026-08-23T13:57:43.639Z"
"gmas","CO1.REQ.10903357","HOSPITAL NIVEL 1 PUERTO RICO","PRESTAR LOS SERVICIOS DE APOYO A LA GESTIÓN COMO AUXILIAR DE ENFERMERÍA PARA EL AREA DE URGENCIAS DE LA ESE HOSPITAL NIVEL I PUERTO RICO","6878000","Puerto Rico","Publicado","UNSPSC: V1.8011","https://community.secop.gov.co/Public/Tendering/OpportunityDetail/Index?noticeUID=CO1.NTC.10758039","2026-08-24T15:12:21.372Z"
"gmas","CO1.REQ.10903606","MUNICIPIO DE PEREIRA- OFICIAL","PRESTACIÓN DE SERVICIOS PROFESIONALES PARA DESARROLLAR ACTIVIDADES RELACIONADAS CON EL CONTROL DEL COMERCIO FORMAL QUE ADELANTA LA OFICINA DE CONTROL Y VIGILANCIA EN EL MUNICIPIO DE PEREIRA","7600000","Pereira","Seleccionado","UNSPSC: V1.8011","https://community.secop.gov.co/Public/Tendering/OpportunityDetail/Index?noticeUID=CO1.NTC.10757652","2026-08-24T15:12:21.372Z"
"gmas","CO1.REQ.10904834","HOSPITAL DEPARTAMENTAL SAN ANTONIO DE VILLAMARIA ESE","PRESTACION DE SERVICIOS COMO AUXILIAR DE ENFERMERIA DE MANERA INTEGRAL PARA EL PLAN DE INTERVENCIONES COLECTIVAS (PIC)  DE ACUERDO CON LAS OBLIGACIONES ESPECIFICAS QUE SE ASIGNEN  CON PLENA AUTONOMIA Y POR SU CUENTA Y RIESGO CON SUJECION A LAS NORMAS DE LA SALUD QUE EXISTEN EN COLOMBIA","5000000","Villamaría","Aprobado","UNSPSC: V1.8011","https://community.secop.gov.co/Public/Tendering/OpportunityDetail/Index?noticeUID=CO1.NTC.10759332","2026-08-25T15:27:57.371Z"
"gmas","CO1.REQ.10904836","ESTABLECIMIENTO PUBLICO AMBIENTAL DE CARTAGENA","Prestación de servicios de apoyo a la gestión en la Subdirección Administrativa y Financiera en el marco del proyecto FORTALECIMIENTO DE LA GESTIÓN INSTITUCIONAL Y ORGANIZACIONAL DEL ESTABLECIMIENTO PÚBLICO AMBIENTAL DE CARTAGENA","14000000","No Definido","Seleccionado","UNSPSC: V1.8011","https://community.secop.gov.co/Public/Tendering/OpportunityDetail/Index?noticeUID=CO1.NTC.10759331","2026-08-25T15:27:57.371Z"
"gmas","CO1.REQ.10904774","EMPRESA DE PARQUES Y EVENTOS DE ANTIOQUIA - ACTIVA","Prestación de servicios de apoyo a la gestión para la ejecución operativa de las actividades de presupuesto participativo programadas en los diferentes territorios de Medellín  con cargo a los recursos del contrato interadministrativo 4600108020 de 2026 suscrito con el Distrito Especial de Ciencia  Tecnología e Innovación de Medellín -Secretaría de Paz y Derechos Humanos","14186667","Medellín","Publicado","UNSPSC: V1.8011","https://community.secop.gov.co/Public/Tendering/OpportunityDetail/Index?noticeUID=CO1.NTC.10759044","2026-08-25T15:27:57.371Z"
"gmas","CO1.REQ.10904773","UNIVERSIDAD DEL VALLE","Prestar servicios profesionales para apoyar a la Dirección de la Escuela y a la Dirección de Posgrados de la Escuela de Ingeniería Eléctrica y Electrónica en el análisis  estructuración y gestión de propuestas de programas y proyectos de consultoría y educación continua; así como en las actividades de promoción  seguimiento a aspirantes y gestión documental asociadas a los programas de posgrado","16200000","No Definido","Aprobado","UNSPSC: V1.8011","https://community.secop.gov.co/Public/Tendering/OpportunityDetail/Index?noticeUID=CO1.NTC.10758984","2026-08-25T15:27:57.371Z"
"gmas","CO1.REQ.10920172","UAEPA2","Prestar servicios profesionales en temas tenientes a la salud en el trabajo para fortalecer las acciones para la atención integral del bienestar animal segun ficha BP 26005414","11841000","Cali","Aprobado","UNSPSC: V1.8011","https://community.secop.gov.co/STS/Users/Login/Index","2026-08-28T21:50:52.712Z"
"gmas","CO1.REQ.10947352","EMPRESA SOCIAL DEL ESTADO HOSPITAL CUMBAL","CONTRATO DE PRESTACIÓN DE SERVICIOS PROFESIONALES EN PSICOLOGÍA  ORIENTADO A LA ATENCIÓN INTEGRAL EN SALUD MENTAL  EL APOYO A LOS PROCESOS ASISTENCIALES Y COMUNITARIOS EN LAS DIFERENTES ÁREAS DEFINIDAS POR LA ENTIDAD  ASÍ COMO AL DESARROLLO DE ACCIONES DE PROMOCIÓN DE LA SALUD MENTAL  PREVENCIÓN DE LA ENFERMEDAD Y GESTIÓN EN SALUD PÚBLICA  EN EL MARCO DEL PLAN DE SALUD PÚBLICA DE INTERVENCIONES COLECTIVAS (PIC)  LA ESTRATEGIA DE ATENCIÓN PRIMARIA EN SALUD (APS) Y DEMÁS LINEAMIENTOS TERRITORIALES","7000000","Cumbal","Publicado","UNSPSC: V1.8011","https://community.secop.gov.co/Public/Tendering/OpportunityDetail/Index?noticeUID=CO1.NTC.10801623","2026-08-31T13:02:31.227Z"
"gmas","CO1.REQ.10947512","ESE HOSPITAL LOCAL SABANAS DE SAN ANGEL /","PRESTACIÓN DE SERVICIOS PROFESIONALES PARA LA REPRESENTACIÓN  ASESORÍA  ACOMPAÑAMIENTO Y DEFENSA DE LOS INTERESES JURÍDICOS DE LA ESE HOSPITAL SABANAS DE SAN ANGEL","3500000","Sabanas De San Angel","Publicado","UNSPSC: V1.8011","https://community.secop.gov.co/Public/Tendering/OpportunityDetail/Index?noticeUID=CO1.NTC.10801622","2026-08-31T13:02:31.227Z"
"gmas","CO1.REQ.10948263","EMPRESA SOCIAL DEL ESTADO HOSPITAL SANTA LUCIA","CONTRATO LABORAL PARA APOYAR LOS SERVICIOS DE SALUD PARA EL FORTALECIMIENTO DE LA ATENCIÓN PRIMARIA Y EL SERVICIO DE TRASLADOASISTENCIAL DE PACIENTES MEDIANTE EL USO DE AMBULANCIA EN ELCENTRO POBLADO DE SANTA ELENA  CEDRO Y SU ÁREA DE INFLUENCIA SEGÚN CONTRATO INTERADMINISTRATIVO N.0 002 DEL 20 DE ENERO DEL 2026 CON EL MUNICIPIO DE RONCESVALLES.","6360600","No Definido","Publicado","UNSPSC: V1.8011","https://community.secop.gov.co/Public/Tendering/OpportunityDetail/Index?noticeUID=CO1.NTC.10802327","2026-09-01T13:04:02.032Z"
